etp;frue;gdd;rh;rta;spv;tmed;tmax;tmin;trange;tdew;vpd;ws;GY;WAASB;rainfall
7.374184893;0.733472066;15.16555118;58.49606299;26.81340101;0.148514351;19.79433071;27.53062992;13.27519685;14.25543307;10.23976378;1.342184819;1.958267717;5029.031638;21.21139506;44.07
7.675750323;0.732931429;14.9508;60.59576;26.98953699;0.149390706;19.79104;27.4584;13.37056;14.08784;10.78888;1.315852824;2.11904;3963.995425;5.864338821;49.58
7.062973822;0.792514518;15.72902439;64.62699187;28.91757062;0.160682376;20.72894309;29.02926829;14.45772358;14.57154472;12.46552846;1.413658514;2.374227642;4292.804938;12.22858695;90.02
7.696269608;0.799053333;15.89892;67.19496;29.18029271;0.164259127;21.05232;29.10112;15.05248;14.04864;13.44896;1.389629865;2.33024;4205.555556;5.934318967;95.95
7.759377772;0.80297619;15.93213115;67.00106557;29.679792;0.165181287;21.15295082;29.24122951;15.10319672;14.13803279;13.47901639;1.40601986;2.336803279;3654.240741;7.562734448;101.13
7.369504589;0.704610918;14.7754878;76.0495122;27.20237781;0.143918791;19.21626016;25.49317073;14.1004878;11.39268293;14.40626016;0.786631283;1.795609756;1406.237176;4.494537706;82.23
7.683124464;0.700199033;14.43210938;68.08492188;27.11989384;0.143371411;19.06992188;26.32898438;13.079375;13.24960938;12.18460938;1.056385885;2.111171875;4265.795583;10.65006888;41.97
8.963966477;0.840709241;16.91707627;58.09779661;33.73607131;0.178186724;23.09288136;30.77525424;16.44601695;14.32923729;12.74050847;1.728003064;2.740338983;3095.679012;22.14689222;198.16
